BF	input	tot_perm	unique_perm	frac_unique_perm
1	1	1	1	1.0
8	3	6	3	0.5
2	1	1	1	1.0
7936	4	24	12	0.5
1	1	1	1	1.0
1	2	2	1	0.5
16	3	6	3	0.5
213	3	6	3	0.5
8	2	2	1	0.5
7	2	2	1	0.5
16	3	6	3	0.5
4	2	2	2	1.0
128	4	24	4	0.16666666666666666
8	2	2	1	0.5
64	3	6	3	0.5
32767	4	24	1	0.041666666666666664
8352	4	24	6	0.25
32767	4	24	1	0.041666666666666664
32767	4	24	1	0.041666666666666664
7	2	2	1	0.5
32767	4	24	1	0.041666666666666664
1086374080	5	120	10	0.08333333333333333
128	4	24	4	0.16666666666666666
32767	4	24	1	0.041666666666666664
7	2	2	1	0.5
32767	4	24	1	0.041666666666666664
1	6	720	1	0.001388888888888889
2	1	1	1	1.0
14	2	2	1	0.5
2	1	1	1	1.0
1	8	40320	1	2.48015873015873e-05
18446742901183475438	6	720	20	0.027777777777777776
1	1	1	1	1.0
1	1	1	1	1.0
1	1	1	1	1.0
14	3	6	3	0.5
2	2	2	2	1.0
7	2	2	1	0.5
2184	4	24	6	0.25
536911872	5	120	10	0.08333333333333333
1	1	1	1	1.0
2147483647	5	120	1	0.008333333333333333
127	3	6	1	0.16666666666666666
2	2	2	2	1.0
3074457345618258602	6	720	6	0.008333333333333333
112	3	6	3	0.5
2	2	2	2	1.0
32767	4	24	1	0.041666666666666664
1879109632	5	120	10	0.08333333333333333
76	3	6	3	0.5
4665941148055945408	6	720	15	0.020833333333333332
1879048192	5	120	10	0.08333333333333333
7	2	2	1	0.5
112	3	6	3	0.5
7	2	2	1	0.5
1	1	1	1	1.0
10922	4	24	4	0.16666666666666666
4	2	2	2	1.0
1	1	1	1	1.0
1	1	1	1	1.0
2	1	1	1	1.0
4	2	2	2	1.0
76	3	6	3	0.5
2	2	2	2	1.0
1	1	1	1	1.0
1	1	1	1	1.0
2	1	1	1	1.0
2	1	1	1	1.0
223	3	6	3	0.5
4	2	2	2	1.0
112	3	6	3	0.5
16384	4	24	4	0.16666666666666666
2	1	1	1	1.0
8	2	2	1	0.5
2	2	2	2	1.0
1	1	1	1	1.0
241	3	6	3	0.5
220	3	6	6	1.0
32767	4	24	1	0.041666666666666664
235843327	5	120	120	1.0
2686492704	5	120	60	0.5
2964365472	5	120	120	1.0
10	2	2	2	1.0
119	3	6	3	0.5
49152	4	24	4	0.16666666666666666
128	3	6	1	0.16666666666666666
112	3	6	3	0.5
4	2	2	2	1.0
7	2	2	1	0.5
12032	4	24	24	1.0
8	2	2	1	0.5
8	2	2	1	0.5
32	3	6	3	0.5
8	2	2	1	0.5
8	2	2	1	0.5
8	2	2	1	0.5
15104	4	24	24	1.0
8	2	2	1	0.5
4	2	2	2	1.0
4	2	2	2	1.0
4	2	2	2	1.0
4	2	2	2	1.0
8	2	2	1	0.5
84	3	6	3	0.5
1	1	1	1	1.0
7	2	2	1	0.5
21	3	6	3	0.5
1	1	1	1	1.0
1	2	2	1	0.5
4	2	2	2	1.0
2	2	2	2	1.0
1	1	1	1	1.0
64	5	120	10	0.08333333333333333
7717705310436796486164116918171584112185388310028889028038624141563227345169	8	40320	5040	0.125
1	1	1	1	1.0
30197	4	24	12	0.5
5	2	2	2	1.0
7	2	2	1	0.5
1	1	1	1	1.0
4	2	2	2	1.0
1	2	2	1	0.5
1	1	1	1	1.0
84	3	6	3	0.5
32607	4	24	12	0.5
1233723648051707904	6	720	45	0.0625
4	2	2	2	1.0
1	1	1	1	1.0
16	3	6	3	0.5
1	1	1	1	1.0
84	3	6	3	0.5
1287	4	24	12	0.5
4	3	6	3	0.5
127	3	6	1	0.16666666666666666
7	2	2	1	0.5
1	1	1	1	1.0
1	1	1	1	1.0
1	1	1	1	1.0
1	1	1	1	1.0
1	1	1	1	1.0
1	1	1	1	1.0
7	2	2	1	0.5
7	2	2	1	0.5
1	1	1	1	1.0
127	3	6	1	0.16666666666666666
127	3	6	1	0.16666666666666666
1	1	1	1	1.0
1	1	1	1	1.0
127	3	6	1	0.16666666666666666
1	1	1	1	1.0
1	1	1	1	1.0
7	2	2	1	0.5
1	1	1	1	1.0
127	3	6	1	0.16666666666666666
1	1	1	1	1.0
32767	4	24	1	0.041666666666666664
1	1	1	1	1.0
1	1	1	1	1.0
1	1	1	1	1.0
7	2	2	1	0.5
1	1	1	1	1.0
127	3	6	1	0.16666666666666666
127	3	6	1	0.16666666666666666
127	3	6	1	0.16666666666666666
7	2	2	1	0.5
7	2	2	1	0.5
7	2	2	1	0.5
1	1	1	1	1.0
7	2	2	1	0.5
1	1	1	1	1.0
7	2	2	1	0.5
1	1	1	1	1.0
1	1	1	1	1.0
7	2	2	1	0.5
127	3	6	1	0.16666666666666666
1	1	1	1	1.0
7	2	2	1	0.5
1	1	1	1	1.0
1	1	1	1	1.0
7	2	2	1	0.5
1	1	1	1	1.0
7	2	2	1	0.5
127	3	6	1	0.16666666666666666
127	3	6	1	0.16666666666666666
127	3	6	1	0.16666666666666666
7	2	2	1	0.5
1	1	1	1	1.0
1	1	1	1	1.0
1	1	1	1	1.0
1	1	1	1	1.0
127	3	6	1	0.16666666666666666
7	2	2	1	0.5
1	1	1	1	1.0
127	3	6	1	0.16666666666666666
16	3	6	3	0.5
1	1	1	1	1.0
2	2	2	2	1.0
213	3	6	3	0.5
1	3	6	1	0.16666666666666666
2	2	2	2	1.0
1	2	2	1	0.5
1	1	1	1	1.0
1	1	1	1	1.0
7	2	2	1	0.5
7	2	2	1	0.5
256	4	24	4	0.16666666666666666
1	1	1	1	1.0
1	1	1	1	1.0
32	4	24	6	0.25
2	1	1	1	1.0
1	2	2	1	0.5
7	2	2	1	0.5
1	1	1	1	1.0
8	3	6	3	0.5
1	2	2	1	0.5
1	2	2	1	0.5
127	3	6	1	0.16666666666666666
7	2	2	1	0.5
7	2	2	1	0.5
2	2	2	2	1.0
7	2	2	1	0.5
87	3	6	3	0.5
2	1	1	1	1.0
1	2	2	1	0.5
1	1	1	1	1.0
1	2	2	1	0.5
7	2	2	1	0.5
1	2	2	1	0.5
127	3	6	1	0.16666666666666666
127	3	6	1	0.16666666666666666
4194304	5	120	10	0.08333333333333333
7	2	2	1	0.5
1	1	1	1	1.0
1	1	1	1	1.0
1	2	2	1	0.5
7	2	2	1	0.5
1	2	2	1	0.5
2	1	1	1	1.0
1	1	1	1	1.0
2	2	2	2	1.0
1	1	1	1	1.0
1	2	2	1	0.5
7	2	2	1	0.5
1	1	1	1	1.0
1	1	1	1	1.0
2	2	2	2	1.0
1	1	1	1	1.0
1	1	1	1	1.0
2	2	2	2	1.0
2	2	2	2	1.0
1	2	2	1	0.5
1	4	24	1	0.041666666666666664
2	1	1	1	1.0
32	6	720	15	0.020833333333333332
7	2	2	1	0.5
2	1	1	1	1.0
2	1	1	1	1.0
7	2	2	1	0.5
7	2	2	1	0.5
127	3	6	1	0.16666666666666666
127	3	6	1	0.16666666666666666
1	1	1	1	1.0
1	2	2	1	0.5
1	1	1	1	1.0
1	1	1	1	1.0
2	2	2	2	1.0
32767	4	24	1	0.041666666666666664
7	2	2	1	0.5
7	2	2	1	0.5
1	1	1	1	1.0
1048576	5	120	10	0.08333333333333333
7	2	2	1	0.5
1	3	6	1	0.16666666666666666
1	2	2	1	0.5
8	2	2	1	0.5
1	1	1	1	1.0
1	1	1	1	1.0
1	1	1	1	1.0
127	3	6	1	0.16666666666666666
7	2	2	1	0.5
1	2	2	1	0.5
55	3	6	3	0.5
7	2	2	1	0.5
1	1	1	1	1.0
7	2	2	1	0.5
55	3	6	3	0.5
1	3	6	1	0.16666666666666666
1	1	1	1	1.0
1	4	24	1	0.041666666666666664
7	2	2	1	0.5
1	1	1	1	1.0
7	2	2	1	0.5
7	2	2	1	0.5
256	4	24	4	0.16666666666666666
1	2	2	1	0.5
1	1	1	1	1.0
14335	4	24	6	0.25
32	5	120	10	0.08333333333333333
1	1	1	1	1.0
1	1	1	1	1.0
1	1	1	1	1.0
5533798042131496960	6	720	20	0.027777777777777776
32597	4	24	12	0.5
158178131498404988884704354616177852416	7	5040	210	0.041666666666666664
4	2	2	2	1.0
53248	4	24	12	0.5
1	1	1	1	1.0
1	1	1	1	1.0
1	1	1	1	1.0
1	1	1	1	1.0
1	1	1	1	1.0
1	1	1	1	1.0
1	1	1	1	1.0
2	2	2	2	1.0
22272	4	24	12	0.5
704643072	5	120	10	0.08333333333333333
71860777161588736	6	720	360	0.5
8070450532247928832	6	720	15	0.020833333333333332
7	2	2	1	0.5
281474976710656	6	720	15	0.020833333333333332
22272	4	24	12	0.5
4	2	2	2	1.0
4557431162615627776	6	720	60	0.08333333333333333
715784192	5	120	10	0.08333333333333333
112	3	6	3	0.5
4	2	2	2	1.0
4	2	2	2	1.0
1349517312	5	120	30	0.25
3675731796164608	6	720	720	1.0
16	3	6	3	0.5
20040064622071666324044513280	7	5040	140	0.027777777777777776
64	3	6	3	0.5
4	2	2	2	1.0
112	3	6	3	0.5
64	3	6	3	0.5
2147418112	5	120	5	0.041666666666666664
16	3	6	3	0.5
64	3	6	3	0.5
721354752	5	120	60	0.5
112	3	6	3	0.5
16	3	6	3	0.5
4	2	2	2	1.0
5376	4	24	12	0.5
4	2	2	2	1.0
16384	4	24	4	0.16666666666666666
64	3	6	3	0.5
112	3	6	3	0.5
4	2	2	2	1.0
28672	4	24	6	0.25
5764730668336545792	6	720	60	0.08333333333333333
1792	4	24	12	0.5
112	3	6	3	0.5
112	3	6	3	0.5
56713727767337635567719542842932068352	7	5040	35	0.006944444444444444
32512	4	24	4	0.16666666666666666
4	2	2	2	1.0
10752	4	24	6	0.25
32	3	6	3	0.5
4	2	2	2	1.0
1024	4	24	6	0.25
512	4	24	6	0.25
4	2	2	2	1.0
14080	4	24	12	0.5
16	3	6	3	0.5
4	2	2	2	1.0
16384	4	24	4	0.16666666666666666
4	2	2	2	1.0
4	2	2	2	1.0
64	3	6	3	0.5
127	3	6	1	0.16666666666666666
1288490188	5	120	5	0.041666666666666664
9223372036854775807	6	720	1	0.001388888888888889
2	2	2	2	1.0
536911872	5	120	10	0.08333333333333333
715827882	5	120	5	0.041666666666666664
4	2	2	2	1.0
8070450536274460672	6	720	20	0.027777777777777776
16576	4	24	6	0.25
134252544	5	120	10	0.08333333333333333
4	2	2	2	1.0
1	1	1	1	1.0
16384	4	24	4	0.16666666666666666
7	2	2	1	0.5
7	2	2	1	0.5
7	2	2	1	0.5
112	3	6	3	0.5
10922	4	24	4	0.16666666666666666
10922	4	24	4	0.16666666666666666
1	1	1	1	1.0
4	2	2	2	1.0
32767	4	24	1	0.041666666666666664
8070450536274460672	6	720	20	0.027777777777777776
143165576	5	120	10	0.08333333333333333
2184	4	24	6	0.25
2147483647	5	120	1	0.008333333333333333
2147483647	5	120	1	0.008333333333333333
32767	4	24	1	0.041666666666666664
127	3	6	1	0.16666666666666666
7	2	2	1	0.5
32767	4	24	1	0.041666666666666664
32767	4	24	1	0.041666666666666664
4	2	2	2	1.0
7	2	2	1	0.5
1	1	1	1	1.0
1	1	1	1	1.0
1	1	1	1	1.0
1	1	1	1	1.0
2147483647	5	120	1	0.008333333333333333
1	1	1	1	1.0
1	2	2	1	0.5
1	1	1	1	1.0
1	1	1	1	1.0
1	1	1	1	1.0
1	1	1	1	1.0
1	1	1	1	1.0
32767	4	24	1	0.041666666666666664
1	1	1	1	1.0
1	1	1	1	1.0
1	1	1	1	1.0
1	1	1	1	1.0
2	1	1	1	1.0
1	1	1	1	1.0
1	1	1	1	1.0
1	1	1	1	1.0
7	2	2	1	0.5
2	1	1	1	1.0
2	1	1	1	1.0
14	2	2	1	0.5
28912	4	24	4	0.16666666666666666
538976416	6	720	180	0.25
329643350694937593913904043882583097344	7	5040	140	0.027777777777777776
4	2	2	2	1.0
76	3	6	3	0.5
2048	4	24	4	0.16666666666666666
1086374080	5	120	10	0.08333333333333333
11010048	6	720	90	0.125
573988187802122	6	720	180	0.25
16	3	6	3	0.5
3544668469065756976	6	720	120	0.16666666666666666
1911	4	24	3	0.125
136	4	24	12	0.5
67947724	5	120	60	0.5
17484	4	24	12	0.5
1	2	2	1	0.5
1092	4	24	12	0.5
16	3	6	3	0.5
4181	4	24	24	1.0
4	2	2	2	1.0
19660	4	24	4	0.16666666666666666
273698896	5	120	20	0.16666666666666666
1	1	1	1	1.0
256	5	120	5	0.041666666666666664
71582788	5	120	20	0.16666666666666666
19660	4	24	4	0.16666666666666666
4919132337239510220	6	720	90	0.125
667220327295957771496812955748565120	8	40320	280	0.006944444444444444
36170086419038336	7	5040	140	0.027777777777777776
9223372036854775808	6	720	1	0.001388888888888889
1	1	1	1	1.0
57896044618658097711785492504343953926634992332820282019728792003956564819968	8	40320	1	2.48015873015873e-05
7	2	2	1	0.5
715827882	5	120	5	0.041666666666666664
112	3	6	3	0.5
13479973336713870765757598744263302691024331148677648317163446992896	8	40320	56	0.001388888888888889
128	4	24	4	0.16666666666666666
14190206168574736352084215388962260487284869143937695081993998633013346304	8	40320	168	0.004166666666666667
4611686018427387904	6	720	6	0.008333333333333333
3859736307910539844313815299262923213020963593790383028199054440982536292488	8	40320	420	0.010416666666666666
883437012568216948375455748902784068461661590490887037761940825573457920	8	40320	70	0.001736111111111111
2147483648	6	720	6	0.008333333333333333
32768	5	120	5	0.041666666666666664
8	3	6	3	0.5
140739635871744	6	720	15	0.020833333333333332
36170086419038336	6	720	20	0.027777777777777776
42	3	6	3	0.5
127	3	6	1	0.16666666666666666
7	2	2	1	0.5
3074316605982419626	6	720	60	0.08333333333333333
578721934616332424	6	720	90	0.125
3074457345618258602	6	720	6	0.008333333333333333
227043312230031755732492127468015505594647028756157968704818792172378685568	8	40320	56	0.001388888888888889
2	2	2	2	1.0
87	3	6	3	0.5
33554432	8	40320	56	0.001388888888888889
1	1	1	1	1.0
922121403912683520	6	720	90	0.125
40992	4	24	12	0.5
1	1	1	1	1.0
50431	4	24	24	1.0
4279631701	5	120	20	0.16666666666666666
3489681408	5	120	30	0.25
8	2	2	1	0.5
3489677312	5	120	30	0.25
2	2	2	2	1.0
1	1	1	1	1.0
1	1	1	1	1.0
4	2	2	2	1.0
2	2	2	2	1.0
1	1	1	1	1.0
1	1	1	1	1.0
1	1	1	1	1.0
1	1	1	1	1.0
4	2	2	2	1.0
1	1	1	1	1.0
1	1	1	1	1.0
1	1	1	1	1.0
1	1	1	1	1.0
1	1	1	1	1.0
7	2	2	1	0.5
2	3	6	3	0.5
2	1	1	1	1.0
2	2	2	2	1.0
42	3	6	3	0.5
7	2	2	1	0.5
2	2	2	2	1.0
1	1	1	1	1.0
112	3	6	3	0.5
1	1	1	1	1.0
1	1	1	1	1.0
1	1	1	1	1.0
1	1	1	1	1.0
7	2	2	1	0.5
1	1	1	1	1.0
1	1	1	1	1.0
2	2	2	2	1.0
1	1	1	1	1.0
2	2	2	2	1.0
1894838512	5	120	5	0.041666666666666664
1	1	1	1	1.0
4	2	2	2	1.0
524424	5	120	30	0.25
1	1	1	1	1.0
12604885	5	120	30	0.25
7	3	6	3	0.5
7	2	2	1	0.5
7	2	2	1	0.5
614891469123651720	6	720	15	0.020833333333333332
4294971665	6	720	60	0.08333333333333333
7	2	2	1	0.5
1	2	2	1	0.5
1	1	1	1	1.0
7	2	2	1	0.5
1	3	6	1	0.16666666666666666
1	1	1	1	1.0
1092	4	24	12	0.5
7	2	2	1	0.5
1	1	1	1	1.0
2619	4	24	12	0.5
2	2	2	2	1.0
7	3	6	3	0.5
7	3	6	3	0.5
1932787711	5	120	30	0.25
7	2	2	1	0.5
1	1	1	1	1.0
8	3	6	3	0.5
1	1	1	1	1.0
4	3	6	3	0.5
1	1	1	1	1.0
1	2	2	1	0.5
1	1	1	1	1.0
1	3	6	1	0.16666666666666666
2013233151	5	120	10	0.08333333333333333
4	2	2	2	1.0
21	3	6	3	0.5
1	1	1	1	1.0
53825229008368646880413144062413591786695904350844421055384767065941738520575	8	40320	5040	0.125
4	3	6	3	0.5
127	3	6	1	0.16666666666666666
1	1	1	1	1.0
1	3	6	1	0.16666666666666666
1	1	1	1	1.0
7	2	2	1	0.5
7	3	6	3	0.5
1	1	1	1	1.0
1	1	1	1	1.0
14335	4	24	6	0.25
7	2	2	1	0.5
1	1	1	1	1.0
7	3	6	3	0.5
7	2	2	1	0.5
1	2	2	1	0.5
7	2	2	1	0.5
1	1	1	1	1.0
1	1	1	1	1.0
1	1	1	1	1.0
1	1	1	1	1.0
1	1	1	1	1.0
1879048192	5	120	10	0.08333333333333333
2819	4	24	12	0.5
264308314601620227	6	720	60	0.08333333333333333
34375776492328245521374701619840483877621171394230651624545534747156487864320	8	40320	56	0.001388888888888889
11339976339040063550548717369007538176	7	5040	35	0.006944444444444444
1275120640	5	120	10	0.08333333333333333
614741351426686976	6	720	20	0.027777777777777776
1	1	1	1	1.0
1	1	1	1	1.0
1	1	1	1	1.0
176059299397632	6	720	120	0.16666666666666666
1	1	1	1	1.0
19	3	6	3	0.5
1	1	1	1	1.0
2	2	2	2	1.0
1	1	1	1	1.0
7	2	2	1	0.5
42	3	6	3	0.5
2	2	2	2	1.0
8388608	5	120	5	0.041666666666666664
85	3	6	3	0.5
1036	4	24	12	0.5
512	4	24	6	0.25
1	1	1	1	1.0
8192	4	24	4	0.16666666666666666
1	1	1	1	1.0
1	2	2	1	0.5
1	1	1	1	1.0
1894838512	5	120	5	0.041666666666666664
32767	4	24	1	0.041666666666666664
4	2	2	2	1.0
1	1	1	1	1.0
1	1	1	1	1.0
42	3	6	3	0.5
2	2	2	2	1.0
1	1	1	1	1.0
1	1	1	1	1.0
2	2	2	2	1.0
2	2	2	2	1.0
7	2	2	1	0.5
1	1	1	1	1.0
1	1	1	1	1.0
42	3	6	3	0.5
7	2	2	1	0.5
1	1	1	1	1.0
4	2	2	2	1.0
1	1	1	1	1.0
2	2	2	2	1.0
1	1	1	1	1.0
1	1	1	1	1.0
1	1	1	1	1.0
1	1	1	1	1.0
1	1	1	1	1.0
1	2	2	1	0.5
1	1	1	1	1.0
1	1	1	1	1.0
7	2	2	1	0.5
127	3	6	1	0.16666666666666666
1	1	1	1	1.0
1	1	1	1	1.0
1	1	1	1	1.0
174	3	6	6	1.0
4	2	2	2	1.0
2	2	2	2	1.0
2	1	1	1	1.0
2	1	1	1	1.0
168	3	6	3	0.5
150085627316352	6	720	90	0.125
1	1	1	1	1.0
32767	4	24	1	0.041666666666666664
1	3	6	1	0.16666666666666666
31	3	6	3	0.5
43694	4	24	12	0.5
10786	4	24	24	1.0
16	3	6	3	0.5
256	4	24	4	0.16666666666666666
1048576	5	120	10	0.08333333333333333
2	1	1	1	1.0
19660	4	24	4	0.16666666666666666
76	3	6	3	0.5
112173586421690117652376143369500400616712297704542022532758497542419171508224	8	40320	280	0.006944444444444444
4194304	5	120	10	0.08333333333333333
8352	4	24	6	0.25
4	2	2	2	1.0
1879048192	5	120	10	0.08333333333333333
1334440579713534223399502545178005248	7	5040	630	0.125
770	4	24	6	0.25
4974729747714199053915914240	7	5040	1260	0.25
1	2	2	1	0.5
5263440	5	120	60	0.5
12	3	6	6	1.0
42	3	6	3	0.5
1092	4	24	12	0.5
1157442902578692096	6	720	180	0.25
67791662187920495757537385041025302528	7	5040	1260	0.25
5476377148023373824	6	720	120	0.16666666666666666
1116628820770623487	6	720	30	0.041666666666666664
30197	4	24	12	0.5
288230376151711744	6	720	15	0.020833333333333332
2048	4	24	4	0.16666666666666666
4194496	5	120	30	0.25
85074485952878516986565049730188967936	7	5040	21	0.004166666666666667
55213970774327845060658612077684707382919441985996756429971012724981760	8	40320	168	0.004166666666666667
21	3	6	3	0.5
31	3	6	3	0.5
1	2	2	1	0.5
1	1	1	1	1.0
3	3	6	3	0.5
1	1	1	1	1.0
2	1	1	1	1.0
1	2	2	1	0.5
4	2	2	2	1.0
1	2	2	1	0.5
1	1	1	1	1.0
2184	4	24	6	0.25
1	1	1	1	1.0
1	2	2	1	0.5
1	1	1	1	1.0
1	2	2	1	0.5
8	4	24	6	0.25
7	2	2	1	0.5
2	1	1	1	1.0
42	3	6	3	0.5
20203181445841325826244859658494	7	5040	21	0.004166666666666667
2	1	1	1	1.0
2	1	1	1	1.0
1	2	2	1	0.5
4294967296	6	720	6	0.008333333333333333
2	2	2	2	1.0
1	1	1	1	1.0
2	2	2	2	1.0
1	1	1	1	1.0
2	2	2	2	1.0
4	2	2	2	1.0
128	3	6	1	0.16666666666666666
1	1	1	1	1.0
2	1	1	1	1.0
1730739210446479754268664540449996	7	5040	1260	0.25
2	1	1	1	1.0
1146093567	5	120	60	0.5
4	2	2	2	1.0
2	2	2	2	1.0
2	2	2	2	1.0
1	1	1	1	1.0
1	1	1	1	1.0
2	1	1	1	1.0
2	2	2	2	1.0
1	1	1	1	1.0
2	1	1	1	1.0
76	3	6	3	0.5
50	3	6	3	0.5
45296	4	24	12	0.5
1	1	1	1	1.0
2	2	2	2	1.0
1	2	2	1	0.5
1	1	1	1	1.0
1	1	1	1	1.0
10922	4	24	4	0.16666666666666666
14335	4	24	6	0.25
4294971665	6	720	60	0.08333333333333333
1	2	2	1	0.5
7	2	2	1	0.5
2619	4	24	12	0.5
1	1	1	1	1.0
7	3	6	3	0.5
7	3	6	3	0.5
7	3	6	3	0.5
1882255600	5	120	60	0.5
1	1	1	1	1.0
1	1	1	1	1.0
1342205952	5	120	30	0.25
1	1	1	1	1.0
8	3	6	3	0.5
1	1	1	1	1.0
1	1	1	1	1.0
7	2	2	1	0.5
7	3	6	3	0.5
4	3	6	3	0.5
4	3	6	3	0.5
1	2	2	1	0.5
1	3	6	1	0.16666666666666666
1	1	1	1	1.0
1	1	1	1	1.0
4	3	6	3	0.5
1	1	1	1	1.0
12599488	5	120	30	0.25
7	2	2	1	0.5
1	1	1	1	1.0
1	1	1	1	1.0
8	3	6	3	0.5
13050	4	24	6	0.25
1	1	1	1	1.0
1	1	1	1	1.0
4	2	2	2	1.0
21	3	6	3	0.5
1	1	1	1	1.0
1358917887	5	120	60	0.5
7	2	2	1	0.5
7	2	2	1	0.5
1	1	1	1	1.0
1	2	2	1	0.5
24447	4	24	6	0.25
1	1	1	1	1.0
7	2	2	1	0.5
7	2	2	1	0.5
7	3	6	3	0.5
4	3	6	3	0.5
4	3	6	3	0.5
1	3	6	1	0.16666666666666666
1	1	1	1	1.0
1	2	2	1	0.5
7	2	2	1	0.5
7	2	2	1	0.5
1	1	1	1	1.0
2	1	1	1	1.0
1	2	2	1	0.5
1	1	1	1	1.0
1	1	1	1	1.0
1	1	1	1	1.0
1	4	24	1	0.041666666666666664
51	3	6	3	0.5
1	1	1	1	1.0
1	1	1	1	1.0
4	2	2	2	1.0
1	1	1	1	1.0
7	2	2	1	0.5
1	2	2	1	0.5
1	2	2	1	0.5
1	2	2	1	0.5
2	1	1	1	1.0
1	2	2	1	0.5
1	1	1	1	1.0
2	1	1	1	1.0
2	2	2	2	1.0
2	1	1	1	1.0
16	3	6	3	0.5
14	2	2	1	0.5
19	3	6	3	0.5
65274	5	120	30	0.25
2	1	1	1	1.0
1	1	1	1	1.0
1	2	2	1	0.5
2	1	1	1	1.0
1	2	2	1	0.5
1	2	2	1	0.5
2	2	2	2	1.0
1	1	1	1	1.0
1	1	1	1	1.0
1	1	1	1	1.0
7	2	2	1	0.5
1	1	1	1	1.0
14	2	2	1	0.5
1	1	1	1	1.0
1	2	2	1	0.5
7	2	2	1	0.5
1	1	1	1	1.0
11	2	2	2	1.0
2	2	2	2	1.0
2	1	1	1	1.0
224	3	6	3	0.5
8	2	2	1	0.5
858927906	5	120	30	0.25
1	1	1	1	1.0
1	1	1	1	1.0
1	1	1	1	1.0
236	3	6	3	0.5
1	1	1	1	1.0
1	1	1	1	1.0
2	2	2	2	1.0
64	3	6	3	0.5
1	3	6	1	0.16666666666666666
2	1	1	1	1.0
2	2	2	2	1.0
1	1	1	1	1.0
8	2	2	1	0.5
7	2	2	1	0.5
2	1	1	1	1.0
2	1	1	1	1.0
1	1	1	1	1.0
1	1	1	1	1.0
1	2	2	1	0.5
1	1	1	1	1.0
4	2	2	2	1.0
2	1	1	1	1.0
1	4	24	1	0.041666666666666664
2	2	2	2	1.0
1	1	1	1	1.0
1	1	1	1	1.0
127	3	6	1	0.16666666666666666
10922	4	24	4	0.16666666666666666
1	1	1	1	1.0
4	2	2	2	1.0
1	1	1	1	1.0
1	1	1	1	1.0
4	2	2	2	1.0
127	3	6	1	0.16666666666666666
21756	4	24	6	0.25
1	1	1	1	1.0
1	1	1	1	1.0
1	1	1	1	1.0
7	2	2	1	0.5
2	2	2	2	1.0
1	1	1	1	1.0
1	1	1	1	1.0
1	1	1	1	1.0
1	2	2	1	0.5
8323327	5	120	5	0.041666666666666664
2147483647	5	120	1	0.008333333333333333
1	1	1	1	1.0
127	3	6	1	0.16666666666666666
8	2	2	1	0.5
7	2	2	1	0.5
2	2	2	2	1.0
42	3	6	3	0.5
1	1	1	1	1.0
1	2	2	1	0.5
1	1	1	1	1.0
1	2	2	1	0.5
2	2	2	2	1.0
7	2	2	1	0.5
127	3	6	1	0.16666666666666666
1	1	1	1	1.0
1	1	1	1	1.0
7	2	2	1	0.5
1	1	1	1	1.0
7	2	2	1	0.5
7	2	2	1	0.5
1	1	1	1	1.0
30591	4	24	6	0.25
2	2	2	2	1.0
1	1	1	1	1.0
1	1	1	1	1.0
128	3	6	1	0.16666666666666666
1	1	1	1	1.0
7	2	2	1	0.5
127	3	6	1	0.16666666666666666
2	2	2	2	1.0
1	1	1	1	1.0
2306018933758533632	6	720	20	0.027777777777777776
7	2	2	1	0.5
32767	4	24	1	0.041666666666666664
16576	4	24	6	0.25
76	3	6	3	0.5
4665941148055945408	6	720	15	0.020833333333333332
1086324736	5	120	10	0.08333333333333333
7	2	2	1	0.5
102084710012899009042358307410226970624	7	5040	21	0.004166666666666667
32767	4	24	1	0.041666666666666664
112	3	6	3	0.5
547356672	5	120	10	0.08333333333333333
1086324736	5	120	10	0.08333333333333333
2	2	2	2	1.0
143165576	5	120	10	0.08333333333333333
112	3	6	3	0.5
5534023222112865484	6	720	6	0.008333333333333333
4	2	2	2	1.0
127	3	6	1	0.16666666666666666
7	2	2	1	0.5
7	2	2	1	0.5
174	3	6	6	1.0
4	2	2	2	1.0
2	2	2	2	1.0
2	1	1	1	1.0
2	1	1	1	1.0
168	3	6	3	0.5
34944	4	24	6	0.25
7	2	2	1	0.5
1	3	6	1	0.16666666666666666
31	3	6	3	0.5
52430	4	24	12	0.5
2	1	1	1	1.0
16	3	6	3	0.5
16	3	6	3	0.5
32	3	6	3	0.5
2	1	1	1	1.0
93	3	6	6	1.0
2	2	2	2	1.0
1	1	1	1	1.0
1	1	1	1	1.0
4	2	2	2	1.0
1	2	2	1	0.5
1	1	1	1	1.0
2139062271	5	120	10	0.08333333333333333
76	3	6	3	0.5
1	1	1	1	1.0
158798448673953643329008280872824078335	7	5040	630	0.125
5533873685095514112	6	720	180	0.25
127	3	6	1	0.16666666666666666
1	1	1	1	1.0
1	2	2	1	0.5
1	1	1	1	1.0
1	1	1	1	1.0
1	1	1	1	1.0
259	4	24	6	0.25
2147483647	5	120	1	0.008333333333333333
1	2	2	1	0.5
1	2	2	1	0.5
42	3	6	3	0.5
1	1	1	1	1.0
7	2	2	1	0.5
2147483647	5	120	1	0.008333333333333333
8	3	6	3	0.5
1	1	1	1	1.0
16384	4	24	4	0.16666666666666666
1073741824	5	120	5	0.041666666666666664
127	3	6	1	0.16666666666666666
17	3	6	3	0.5
8	3	6	3	0.5
1057013504	5	120	60	0.5
2574	4	24	24	1.0
18389322886389432315	6	720	720	1.0
48048	4	24	12	0.5
867894027	5	120	120	1.0
21877	4	24	12	0.5
2	1	1	1	1.0
1061109546	5	120	10	0.08333333333333333
1085314523353549519	6	720	360	0.5
2	2	2	2	1.0
84069761279059502970641273758683184959	7	5040	2520	0.5
3727630269709025280	6	720	720	1.0
28607457354516630701703606552751400985576695523429513333045241432489070690304	8	40320	20160	0.5
112	3	6	3	0.5
32512	4	24	4	0.16666666666666666
2	1	1	1	1.0
1157442700462583808	6	720	180	0.25
1	1	1	1	1.0
1	1	1	1	1.0
33023	4	24	4	0.16666666666666666
1	2	2	1	0.5
80	3	6	6	1.0
256	4	24	4	0.16666666666666666
14080	4	24	12	0.5
1	1	1	1	1.0
1	3	6	1	0.16666666666666666
4611897126091609429	6	720	120	0.16666666666666666
69	3	6	6	1.0
28912	4	24	4	0.16666666666666666
1229782942020137233	6	720	180	0.25
32512	4	24	4	0.16666666666666666
1	2	2	1	0.5
128	4	24	4	0.16666666666666666
2048	4	24	4	0.16666666666666666
1	2	2	1	0.5
76	3	6	3	0.5
1	1	1	1	1.0
16576	4	24	6	0.25
128	3	6	1	0.16666666666666666
127	3	6	1	0.16666666666666666
127	3	6	1	0.16666666666666666
16	3	6	3	0.5
1	1	1	1	1.0
1432319871	5	120	15	0.125
8309409528899764208	6	720	90	0.125
1	1	1	1	1.0
2004811776	5	120	30	0.25
1	1	1	1	1.0
16576	4	24	6	0.25
170135991203223569244594417953325121536	7	5040	105	0.020833333333333332
16	3	6	3	0.5
2	1	1	1	1.0
2	1	1	1	1.0
1	1	1	1	1.0
247	3	6	3	0.5
1	2	2	1	0.5
2	1	1	1	1.0
1	3	6	1	0.16666666666666666
7	2	2	1	0.5
64	4	24	6	0.25
8	2	2	1	0.5
1	1	1	1	1.0
32767	4	24	1	0.041666666666666664
1	1	1	1	1.0
7	2	2	1	0.5
1	1	1	1	1.0
1	1	1	1	1.0
4	3	6	3	0.5
1	1	1	1	1.0
128	3	6	1	0.16666666666666666
7	2	2	1	0.5
128	5	120	10	0.08333333333333333
32	4	24	6	0.25
2	1	1	1	1.0
32	5	120	10	0.08333333333333333
1	1	1	1	1.0
1	2	2	1	0.5
7	2	2	1	0.5
1	1	1	1	1.0
7	2	2	1	0.5
1	1	1	1	1.0
1	1	1	1	1.0
1	1	1	1	1.0
1	1	1	1	1.0
1	1	1	1	1.0
1	1	1	1	1.0
1	1	1	1	1.0
1	1	1	1	1.0
8	2	2	1	0.5
1	1	1	1	1.0
1	1	1	1	1.0
1	1	1	1	1.0
16384	4	24	4	0.16666666666666666
2	1	1	1	1.0
2	1	1	1	1.0
17870133787824750591	6	720	15	0.020833333333333332
127	3	6	1	0.16666666666666666
2	1	1	1	1.0
64	4	24	6	0.25
7	2	2	1	0.5
524288	5	120	10	0.08333333333333333
524288	5	120	10	0.08333333333333333
8	4	24	6	0.25
32768	4	24	1	0.041666666666666664
2	2	2	2	1.0
1	2	2	1	0.5
7	2	2	1	0.5
7	2	2	1	0.5
2	2	2	2	1.0
1	1	1	1	1.0
4	2	2	2	1.0
7	2	2	1	0.5
1	1	1	1	1.0
7	2	2	1	0.5
7	2	2	1	0.5
55	3	6	3	0.5
7	2	2	1	0.5
2	2	2	2	1.0
2	2	2	2	1.0
1	1	1	1	1.0
7	2	2	1	0.5
59	3	6	6	1.0
1	1	1	1	1.0
1	1	1	1	1.0
4	2	2	2	1.0
1	1	1	1	1.0
7	2	2	1	0.5
1	1	1	1	1.0
2	2	2	2	1.0
2	2	2	2	1.0
1	2	2	1	0.5
1	1	1	1	1.0
3745868986625228799	6	720	360	0.5
2	1	1	1	1.0
340791	5	120	10	0.08333333333333333
1	2	2	1	0.5
1	1	1	1	1.0
76	3	6	3	0.5
1	2	2	1	0.5
1	1	1	1	1.0
1	1	1	1	1.0
2	1	1	1	1.0
2	2	2	2	1.0
2	1	1	1	1.0
2	1	1	1	1.0
2	1	1	1	1.0
4	2	2	2	1.0
1	1	1	1	1.0
4	2	2	2	1.0
7	2	2	1	0.5
1	1	1	1	1.0
1	1	1	1	1.0
1	1	1	1	1.0
1	1	1	1	1.0
2	2	2	2	1.0
1	1	1	1	1.0
1	1	1	1	1.0
1	1	1	1	1.0
1	1	1	1	1.0
1	1	1	1	1.0
1	1	1	1	1.0
2	2	2	2	1.0
1	1	1	1	1.0
2	1	1	1	1.0
7	2	2	1	0.5
1	1	1	1	1.0
1	1	1	1	1.0
1	1	1	1	1.0
1	1	1	1	1.0
1	3	6	1	0.16666666666666666
1	2	2	1	0.5
1	1	1	1	1.0
1	1	1	1	1.0
1	1	1	1	1.0
1	1	1	1	1.0
1	1	1	1	1.0
1	1	1	1	1.0
1	1	1	1	1.0
1	1	1	1	1.0
1	1	1	1	1.0
1	1	1	1	1.0
1	2	2	1	0.5
1	1	1	1	1.0
8	3	6	3	0.5
8	3	6	3	0.5
127	3	6	1	0.16666666666666666
1	1	1	1	1.0
1	2	2	1	0.5
1	1	1	1	1.0
2	2	2	2	1.0
7	2	2	1	0.5
2	2	2	2	1.0
7	2	2	1	0.5
1	1	1	1	1.0
76	3	6	3	0.5
1	1	1	1	1.0
77	3	6	3	0.5
2147424127	5	120	5	0.041666666666666664
1	1	1	1	1.0
2147424127	5	120	5	0.041666666666666664
21	3	6	3	0.5
1	1	1	1	1.0
7	2	2	1	0.5
7	2	2	1	0.5
31	3	6	3	0.5
7	2	2	1	0.5
1	1	1	1	1.0
4096	4	24	6	0.25
4	2	2	2	1.0
1	1	1	1	1.0
1	1	1	1	1.0
1	1	1	1	1.0
16576	4	24	6	0.25
1	1	1	1	1.0
1	1	1	1	1.0
1	1	1	1	1.0
7	2	2	1	0.5
28672	4	24	6	0.25
1	1	1	1	1.0
1	1	1	1	1.0
1	1	1	1	1.0
1	1	1	1	1.0
1	1	1	1	1.0
4	2	2	2	1.0
273	4	24	6	0.25
127	3	6	1	0.16666666666666666
4	3	6	3	0.5
1	2	2	1	0.5
19456	4	24	6	0.25
21	3	6	3	0.5
1	1	1	1	1.0
7	2	2	1	0.5
2147483647	5	120	1	0.008333333333333333
576610288166537216	6	720	20	0.027777777777777776
1086374080	5	120	10	0.08333333333333333
32767	4	24	1	0.041666666666666664
7	2	2	1	0.5
2147483647	5	120	1	0.008333333333333333
127	3	6	1	0.16666666666666666
32767	4	24	1	0.041666666666666664
547397792	5	120	10	0.08333333333333333
2147483647	5	120	1	0.008333333333333333
1	1	1	1	1.0
7	2	2	1	0.5
7235349132933696806802753521082910275923194470317757464747470126111711559680	8	40320	5040	0.125
32767	4	24	1	0.041666666666666664
32	3	6	3	0.5
6867144787763199948	6	720	15	0.020833333333333332
9151314447095037952	6	720	15	0.020833333333333332
7	2	2	1	0.5
1431336816	5	120	30	0.25
1154236608	5	120	30	0.25
1	1	1	1	1.0
64	4	24	6	0.25
2	2	2	2	1.0
13106	4	24	4	0.16666666666666666
16170	4	24	6	0.25
76	3	6	3	0.5
3311419785984	6	720	60	0.08333333333333333
112	3	6	3	0.5
1	2	2	1	0.5
2298702998362069446380729737451343581987627467146702035622237938805786017792	8	40320	20160	0.5
1	1	1	1	1.0
112	4	24	12	0.5
7	2	2	1	0.5
1	1	1	1	1.0
7	2	2	1	0.5
34382871595835434013649416305517645103450196811170086757693496646300988621892	8	40320	3360	0.08333333333333333
109065250908829941993168864278478848	7	5040	420	0.08333333333333333
113080045843856965306472083306590066147126153291197210422036438178619981824	8	40320	20160	0.5
1	2	2	1	0.5
22028522613943471670925341376976724709288013379414276386818799304382884085760	8	40320	3360	0.08333333333333333
228622104081685924639734175310522548995	7	5040	630	0.125
6147432253209204048	6	720	180	0.25
68051281008099786424962438767305765683	7	5040	420	0.08333333333333333
521273105	5	120	30	0.25
1	2	2	1	0.5
1	2	2	1	0.5
1	2	2	1	0.5
127	3	6	1	0.16666666666666666
503710208	5	120	120	1.0
3810135040	5	120	120	1.0
1	1	1	1	1.0
7	2	2	1	0.5
33817600	5	120	60	0.5
55	3	6	3	0.5
28927	4	24	12	0.5
2	1	1	1	1.0
16	3	6	3	0.5
21	4	24	6	0.25
2819	4	24	12	0.5
1807	4	24	4	0.16666666666666666
53794	4	24	12	0.5
1	1	1	1	1.0
7	2	2	1	0.5
21	3	6	3	0.5
1	2	2	1	0.5
21	3	6	3	0.5
7	2	2	1	0.5
43144	4	24	12	0.5
5439	4	24	3	0.125
71	3	6	6	1.0
4	2	2	2	1.0
10752	4	24	6	0.25
10922	4	24	4	0.16666666666666666
17472	4	24	12	0.5
1	1	1	1	1.0
1	1	1	1	1.0
2	2	2	2	1.0
4	4	24	4	0.16666666666666666
76	3	6	3	0.5
1	1	1	1	1.0
1	1	1	1	1.0
2	3	6	3	0.5
1	1	1	1	1.0
4	2	2	2	1.0
42	3	6	3	0.5
7	2	2	1	0.5
1	1	1	1	1.0
1	1	1	1	1.0
7	2	2	1	0.5
4	2	2	2	1.0
5376	4	24	12	0.5
32	3	6	3	0.5
1	1	1	1	1.0
1	1	1	1	1.0
1	1	1	1	1.0
1	1	1	1	1.0
2	1	1	1	1.0
1	1	1	1	1.0
1	1	1	1	1.0
1	1	1	1	1.0
1	1	1	1	1.0
1	1	1	1	1.0
4	2	2	2	1.0
112	3	6	3	0.5
1	1	1	1	1.0
1	1	1	1	1.0
4	2	2	2	1.0
42	3	6	3	0.5
1	1	1	1	1.0
1	1	1	1	1.0
1	1	1	1	1.0
42	3	6	3	0.5
8	3	6	3	0.5
1	1	1	1	1.0
28672	4	24	6	0.25
76	3	6	3	0.5
32	3	6	3	0.5
8	2	2	1	0.5
32	3	6	3	0.5
1	1	1	1	1.0
7	2	2	1	0.5
134252544	5	120	10	0.08333333333333333
2	2	2	2	1.0
28912	4	24	4	0.16666666666666666
14	2	2	1	0.5
1092	4	24	12	0.5
1	1	1	1	1.0
7	2	2	1	0.5
32	3	6	3	0.5
76	3	6	3	0.5
4	2	2	2	1.0
4	2	2	2	1.0
2	1	1	1	1.0
31	3	6	3	0.5
7	2	2	1	0.5
1	1	1	1	1.0
4864	4	24	12	0.5
4	2	2	2	1.0
4	2	2	2	1.0
19660	4	24	4	0.16666666666666666
7	2	2	1	0.5
2	1	1	1	1.0
7	2	2	1	0.5
1	1	1	1	1.0
1	1	1	1	1.0
1	1	1	1	1.0
2	2	2	2	1.0
1	1	1	1	1.0
127	3	6	1	0.16666666666666666
42	3	6	3	0.5
7	2	2	1	0.5
1	1	1	1	1.0
1	1	1	1	1.0
1	1	1	1	1.0
1	2	2	1	0.5
1	1	1	1	1.0
7	2	2	1	0.5
512	4	24	6	0.25
1	1	1	1	1.0
4	2	2	2	1.0
4	2	2	2	1.0
7	2	2	1	0.5
2	2	2	2	1.0
28912	4	24	4	0.16666666666666666
16576	4	24	6	0.25
1	1	1	1	1.0
1	1	1	1	1.0
1	1	1	1	1.0
64	4	24	6	0.25
7	2	2	1	0.5
7	2	2	1	0.5
127	3	6	1	0.16666666666666666
7	2	2	1	0.5
42	3	6	3	0.5
1	1	1	1	1.0
64	3	6	3	0.5
7	2	2	1	0.5
76	3	6	3	0.5
7	2	2	1	0.5
1	1	1	1	1.0
14	2	2	1	0.5
1	2	2	1	0.5
42	5	120	30	0.25
7	2	2	1	0.5
1	1	1	1	1.0
1	2	2	1	0.5
1	2	2	1	0.5
1	1	1	1	1.0
1	1	1	1	1.0
127	3	6	1	0.16666666666666666
4	2	2	2	1.0
2	2	2	2	1.0
1	1	1	1	1.0
8	3	6	3	0.5
4	3	6	3	0.5
1	1	1	1	1.0
4	2	2	2	1.0
1383505805528216371	6	720	6	0.008333333333333333
1	1	1	1	1.0
14	2	2	1	0.5
21	3	6	3	0.5
1	1	1	1	1.0
1	1	1	1	1.0
5376	4	24	12	0.5
1	1	1	1	1.0
7	3	6	3	0.5
1	1	1	1	1.0
1	1	1	1	1.0
1	2	2	1	0.5
2	1	1	1	1.0
1	2	2	1	0.5
2602	4	24	12	0.5
1	1	1	1	1.0
7	2	2	1	0.5
1	2	2	1	0.5
1	1	1	1	1.0
1	2	2	1	0.5
2	2	2	2	1.0
13479973327298218163408328416664646464972880326916656801836064309247	8	40320	8	0.0001984126984126984
1	1	1	1	1.0
4	3	6	3	0.5
127	3	6	1	0.16666666666666666
7	2	2	1	0.5
7	3	6	3	0.5
1	1	1	1	1.0
127	3	6	1	0.16666666666666666
1	1	1	1	1.0
57896044618658097711785492504343953926634992332820282019728792003956564819967	8	40320	1	2.48015873015873e-05
604444463063240877801472	7	5040	105	0.020833333333333332
3423913228328792196818997428435771646196854399740407364172095854477567	8	40320	28	0.0006944444444444445
1	1	1	1	1.0
127	3	6	1	0.16666666666666666
1	1	1	1	1.0
1	1	1	1	1.0
1	1	1	1	1.0
1	3	6	1	0.16666666666666666
1	1	1	1	1.0
1	1	1	1	1.0
1	1	1	1	1.0
2	1	1	1	1.0
1	1	1	1	1.0
2	2	2	2	1.0
1	1	1	1	1.0
1	2	2	1	0.5
7	2	2	1	0.5
1	3	6	1	0.16666666666666666
1	2	2	1	0.5
2	2	2	2	1.0
1	4	24	1	0.041666666666666664
4	2	2	2	1.0
1	1	1	1	1.0
1	1	1	1	1.0
1	1	1	1	1.0
1	1	1	1	1.0
2	2	2	2	1.0
127	3	6	1	0.16666666666666666
1	2	2	1	0.5
15359	4	24	12	0.5
251	3	6	3	0.5
1	1	1	1	1.0
7	2	2	1	0.5
1	1	1	1	1.0
117	3	6	6	1.0
2	2	2	2	1.0
2	1	1	1	1.0
8	2	2	1	0.5
7	2	2	1	0.5
2	1	1	1	1.0
2	1	1	1	1.0
13	2	2	2	1.0
2	2	2	2	1.0
4	2	2	2	1.0
1	1	1	1	1.0
1	1	1	1	1.0
2	1	1	1	1.0
1	1	1	1	1.0
1002159035	5	120	20	0.16666666666666666
33496033354253175	6	720	360	0.5
4	2	2	2	1.0
48	4	24	12	0.5
1	1	1	1	1.0
17294101849317637888	6	720	180	0.25
2	1	1	1	1.0
1	1	1	1	1.0
1351539243184454444107709747007	7	5040	210	0.041666666666666664
58123087938895276820951150799726505123937301513778334559501661279809673415884	8	40320	20160	0.5
14	3	6	3	0.5
1	1	1	1	1.0
127	3	6	1	0.16666666666666666
8	2	2	1	0.5
42	3	6	3	0.5
49151	4	24	4	0.16666666666666666
7	2	2	1	0.5
127	3	6	1	0.16666666666666666
49151	4	24	4	0.16666666666666666
3003	4	24	12	0.5
2952773631	5	120	30	0.25
2160115904	5	120	30	0.25
86844066927987146567678238756515930889952488499230423029593188005934847229951	8	40320	8	0.0001984126984126984
2	2	2	2	1.0
38597363079105398474523661669562635951089994888546854679819194669300081579092	8	40320	168	0.004166666666666667
32767	4	24	1	0.041666666666666664
128	3	6	1	0.16666666666666666
4	2	2	2	1.0
2	2	2	2	1.0
7	2	2	1	0.5
7	2	2	1	0.5
4	2	2	2	1.0
57344	4	24	6	0.25
2	1	1	1	1.0
1	1	1	1	1.0
7	2	2	1	0.5
1	1	1	1	1.0
7	2	2	1	0.5
1	1	1	1	1.0
1	1	1	1	1.0
1	1	1	1	1.0
38597363079105398474523661669562635951089994888546854679819194669304376546644	8	40320	8	0.0001984126984126984
1	1	1	1	1.0
1	1	1	1	1.0
11	2	2	2	1.0
1	1	1	1	1.0
1	1	1	1	1.0
127	3	6	1	0.16666666666666666
1	1	1	1	1.0
1	1	1	1	1.0
11	2	2	2	1.0
3233857664	5	120	10	0.08333333333333333
7	2	2	1	0.5
1	1	1	1	1.0
1	1	1	1	1.0
1	1	1	1	1.0
1	1	1	1	1.0
7	2	2	1	0.5
1	1	1	1	1.0
1	1	1	1	1.0
13	2	2	2	1.0
128	3	6	1	0.16666666666666666
1	1	1	1	1.0
7	2	2	1	0.5
1	1	1	1	1.0
1	1	1	1	1.0
2	1	1	1	1.0
1	1	1	1	1.0
1	1	1	1	1.0
1	1	1	1	1.0
63487	4	24	4	0.16666666666666666
14	2	2	1	0.5
7	2	2	1	0.5
32767	4	24	1	0.041666666666666664
3003	4	24	12	0.5
2	1	1	1	1.0
56713727820156410577229101238628035242	7	5040	7	0.001388888888888889
2147483647	5	120	1	0.008333333333333333
1	1	1	1	1.0
2	1	1	1	1.0
1	1	1	1	1.0
32767	4	24	1	0.041666666666666664
1	1	1	1	1.0
2147483647	5	120	1	0.008333333333333333
1	1	1	1	1.0
10922	4	24	4	0.16666666666666666
10922	4	24	4	0.16666666666666666
84	3	6	3	0.5
8	2	2	1	0.5
241	3	6	3	0.5
205	3	6	3	0.5
13	2	2	2	1.0
128	3	6	1	0.16666666666666666
1	2	2	1	0.5
2	1	1	1	1.0
8738	4	24	12	0.5
143165576	5	120	10	0.08333333333333333
7	2	2	1	0.5
7	2	2	1	0.5
127	3	6	1	0.16666666666666666
84	3	6	3	0.5
7	2	2	1	0.5
213	3	6	3	0.5
2	1	1	1	1.0
7	2	2	1	0.5
7	2	2	1	0.5
42	3	6	3	0.5
1	1	1	1	1.0
2184	4	24	6	0.25
112	3	6	3	0.5
1	2	2	1	0.5
28912	4	24	4	0.16666666666666666
1	1	1	1	1.0
1	1	1	1	1.0
4	2	2	2	1.0
2	2	2	2	1.0
1	1	1	1	1.0
2	3	6	3	0.5
1	1	1	1	1.0
2	1	1	1	1.0
2	2	2	2	1.0
1	1	1	1	1.0
1	1	1	1	1.0
1	1	1	1	1.0
1	2	2	1	0.5
42	3	6	3	0.5
1	1	1	1	1.0
1	2	2	1	0.5
1	1	1	1	1.0
7	2	2	1	0.5
76	3	6	3	0.5
4	2	2	2	1.0
4	2	2	2	1.0
2	1	1	1	1.0
31	3	6	3	0.5
2	4	24	4	0.16666666666666666
4	2	2	2	1.0
16384	4	24	4	0.16666666666666666
2350879008182239232	6	720	20	0.027777777777777776
2	1	1	1	1.0
19456	4	24	6	0.25
28672	4	24	6	0.25
136	3	6	3	0.5
1	1	1	1	1.0
3	2	2	2	1.0
2	2	2	2	1.0
4	2	2	2	1.0
64	3	6	3	0.5
16	4	24	4	0.16666666666666666
1092	4	24	12	0.5
2	1	1	1	1.0
2730	5	120	60	0.5
4	2	2	2	1.0
1911	4	24	3	0.125
2	1	1	1	1.0
1894776832	5	120	10	0.08333333333333333
7	2	2	1	0.5
128	3	6	1	0.16666666666666666
32768	4	24	1	0.041666666666666664
2147483648	5	120	1	0.008333333333333333
8	2	2	1	0.5
128	3	6	1	0.16666666666666666
2147483648	5	120	1	0.008333333333333333
32768	4	24	1	0.041666666666666664
2	1	1	1	1.0
7	2	2	1	0.5
5	2	2	2	1.0
1	1	1	1	1.0
1	1	1	1	1.0
1	1	1	1	1.0
1	1	1	1	1.0
1	1	1	1	1.0
7	2	2	1	0.5
32767	4	24	1	0.041666666666666664
1	1	1	1	1.0
1	1	1	1	1.0
170	3	6	3	0.5
14	2	2	1	0.5
9223160927400968191	6	720	60	0.08333333333333333
47	3	6	6	1.0
7	2	2	1	0.5
1	2	2	1	0.5
47	3	6	6	1.0
7	2	2	1	0.5
1	1	1	1	1.0
113	3	6	3	0.5
112	3	6	3	0.5
32	3	6	3	0.5
1	1	1	1	1.0
4227858431	5	120	10	0.08333333333333333
1	1	1	1	1.0
251	4	24	12	0.5
128	3	6	1	0.16666666666666666
1	1	1	1	1.0
1	1	1	1	1.0
1	1	1	1	1.0
1	1	1	1	1.0
1	1	1	1	1.0
42	5	120	30	0.25
50	3	6	3	0.5
11	2	2	2	1.0
64	3	6	3	0.5
256	4	24	4	0.16666666666666666
1	1	1	1	1.0
1	1	1	1	1.0
1	1	1	1	1.0
1	1	1	1	1.0
1	1	1	1	1.0
1	1	1	1	1.0
1	1	1	1	1.0
1	1	1	1	1.0
1	2	2	1	0.5
1	1	1	1	1.0
1	1	1	1	1.0
4383	4	24	3	0.125
61648	4	24	12	0.5
1	1	1	1	1.0
13	3	6	6	1.0
8	2	2	1	0.5
2	1	1	1	1.0
1	2	2	1	0.5
1	1	1	1	1.0
1	1	1	1	1.0
1	1	1	1	1.0
1	1	1	1	1.0
1	1	1	1	1.0
1	1	1	1	1.0
1	1	1	1	1.0
1	1	1	1	1.0
1	1	1	1	1.0
1	1	1	1	1.0
8	3	6	3	0.5
2	1	1	1	1.0
2	1	1	1	1.0
1	1	1	1	1.0
1	1	1	1	1.0
1	2	2	1	0.5
1	1	1	1	1.0
4	2	2	2	1.0
1	1	1	1	1.0
1	2	2	1	0.5
1	3	6	1	0.16666666666666666
1	1	1	1	1.0
1	1	1	1	1.0
1	1	1	1	1.0
1	1	1	1	1.0
127	3	6	1	0.16666666666666666
1	1	1	1	1.0
1	2	2	1	0.5
1	1	1	1	1.0
112	3	6	3	0.5
2	1	1	1	1.0
1	1	1	1	1.0
1	1	1	1	1.0
4294967296	6	720	6	0.008333333333333333
1	3	6	1	0.16666666666666666
4	2	2	2	1.0
55	3	6	3	0.5
1	1	1	1	1.0
1	1	1	1	1.0
1	1	1	1	1.0
7	2	2	1	0.5
7	2	2	1	0.5
4383	4	24	3	0.125
32	5	120	10	0.08333333333333333
1	1	1	1	1.0
1	2	2	1	0.5
1	2	2	1	0.5
1	1	1	1	1.0
16	3	6	3	0.5
4	3	6	3	0.5
273	4	24	6	0.25
2	1	1	1	1.0
1	1	1	1	1.0
1	1	1	1	1.0
1	1	1	1	1.0
1	1	1	1	1.0
1	1	1	1	1.0
16	3	6	3	0.5
1	1	1	1	1.0
1	1	1	1	1.0
1	2	2	1	0.5
1	1	1	1	1.0
2	1	1	1	1.0
1	3	6	1	0.16666666666666666
1	1	1	1	1.0
7	2	2	1	0.5
7	2	2	1	0.5
4294967296	6	720	6	0.008333333333333333
1	1	1	1	1.0
4	2	2	2	1.0
2	1	1	1	1.0
2	1	1	1	1.0
2	1	1	1	1.0
2	1	1	1	1.0
2	1	1	1	1.0
1	1	1	1	1.0
1	2	2	1	0.5
1	1	1	1	1.0
1	1	1	1	1.0
2	2	2	2	1.0
1	1	1	1	1.0
1	1	1	1	1.0
21	3	6	3	0.5
7	2	2	1	0.5
1	2	2	1	0.5
1	1	1	1	1.0
1	1	1	1	1.0
1	1	1	1	1.0
1	2	2	1	0.5
4	2	2	2	1.0
1	1	1	1	1.0
1	1	1	1	1.0
16384	4	24	4	0.16666666666666666
2	1	1	1	1.0
1	1	1	1	1.0
2	1	1	1	1.0
1	1	1	1	1.0
1	1	1	1	1.0
68719476736	6	720	15	0.020833333333333332
1	1	1	1	1.0
1	1	1	1	1.0
2	2	2	2	1.0
4	2	2	2	1.0
1	1	1	1	1.0
22835963083295358096932575511191922182123945984	8	40320	70	0.001736111111111111
4	2	2	2	1.0
64	3	6	3	0.5
1	1	1	1	1.0
1	1	1	1	1.0
1	1	1	1	1.0
1	1	1	1	1.0
1	1	1	1	1.0
1	1	1	1	1.0
2	1	1	1	1.0
4293918719	5	120	10	0.08333333333333333
1	1	1	1	1.0
1	1	1	1	1.0
1	1	1	1	1.0
2136962901	5	120	60	0.5
32767	4	24	1	0.041666666666666664
1	1	1	1	1.0
1	1	1	1	1.0
1	1	1	1	1.0
1	1	1	1	1.0
1	1	1	1	1.0
7	2	2	1	0.5
7	2	2	1	0.5
7	2	2	1	0.5
2	2	2	2	1.0
1	1	1	1	1.0
1	1	1	1	1.0
1	1	1	1	1.0
1	1	1	1	1.0
1	1	1	1	1.0
7	2	2	1	0.5
7	2	2	1	0.5
1	1	1	1	1.0
4	2	2	2	1.0
1	1	1	1	1.0
1	1	1	1	1.0
1	1	1	1	1.0
1	1	1	1	1.0
1	1	1	1	1.0
1	1	1	1	1.0
1	1	1	1	1.0
1	1	1	1	1.0
1	1	1	1	1.0
63802943797675961899382738893456539647	7	5040	42	0.008333333333333333
1	1	1	1	1.0
2	1	1	1	1.0
1	1	1	1	1.0
1	1	1	1	1.0
1	1	1	1	1.0
7	2	2	1	0.5
1	1	1	1	1.0
7	2	2	1	0.5
13	2	2	2	1.0
1	1	1	1	1.0
1	1	1	1	1.0
1	1	1	1	1.0
1	1	1	1	1.0
253	3	6	3	0.5
1	1	1	1	1.0
1	1	1	1	1.0
1	1	1	1	1.0
1	1	1	1	1.0
1	1	1	1	1.0
2147483647	5	120	1	0.008333333333333333
1	1	1	1	1.0
7	2	2	1	0.5
1	1	1	1	1.0
7	2	2	1	0.5
1	1	1	1	1.0
7	2	2	1	0.5
112	3	6	3	0.5
7	4	24	6	0.25
1	2	2	1	0.5
1	1	1	1	1.0
11	5	120	20	0.16666666666666666
32	3	6	3	0.5
5	2	2	2	1.0
2	2	2	2	1.0
11	2	2	2	1.0
1911	4	24	3	0.125
7	2	2	1	0.5
1	2	2	1	0.5
1792	4	24	12	0.5
4177	4	24	12	0.5
2	5	120	5	0.041666666666666664
7	8	40320	28	0.0006944444444444445
4278091776	5	120	20	0.16666666666666666
1	5	120	1	0.008333333333333333
1	1	1	1	1.0
1	1	1	1	1.0
1	2	2	1	0.5
8	2	2	1	0.5
43	3	6	3	0.5
248	3	6	3	0.5
224	3	6	3	0.5
1	1	1	1	1.0
4	2	2	2	1.0
7067361300812372632775062749544357662112171006324022915496903362069135360	8	40320	3360	0.08333333333333333
4	2	2	2	1.0
4	2	2	2	1.0
224	3	6	3	0.5
1	1	1	1	1.0
224	4	24	12	0.5
56055639	5	120	30	0.25
7	2	2	1	0.5
239	3	6	3	0.5
2	1	1	1	1.0
4	2	2	2	1.0
4	2	2	2	1.0
5	2	2	2	1.0
511	7	5040	140	0.027777777777777776
16	3	6	3	0.5
4294967294	7	5040	21	0.004166666666666667
1	1	1	1	1.0
1	1	1	1	1.0
4294967294	6	720	6	0.008333333333333333
14	2	2	1	0.5
11	7	5040	42	0.008333333333333333
1	1	1	1	1.0
1	2	2	1	0.5
1	2	2	1	0.5
8	4	24	6	0.25
8323072	5	120	20	0.16666666666666666
4294967296	6	720	6	0.008333333333333333
4294967296	6	720	6	0.008333333333333333
1	1	1	1	1.0
1	4	24	1	0.041666666666666664
1	1	1	1	1.0
36352	4	24	12	0.5
8	3	6	3	0.5
2315255808	5	120	20	0.16666666666666666
737183007961463611	6	720	720	1.0
352075316098693581714548810747800604006750529760990979571007376725114880	8	40320	40320	1.0
1657324662872342528	6	720	20	0.027777777777777776
32768	7	5040	35	0.006944444444444444
511	4	24	4	0.16666666666666666
14	5	120	10	0.08333333333333333
224	4	24	12	0.5
23808	4	24	24	1.0
115792089048596568709576794286620023798975103008463750832961221407423084888056	8	40320	1680	0.041666666666666664
4973380328413462528	7	5040	5040	1.0
5189840767362702991940479493341184	7	5040	2520	0.5
4294901887	5	120	20	0.16666666666666666
965845508320	6	720	180	0.25
1	2	2	1	0.5
422902699743134220182677132551504313863011209594335043778443739136	8	40320	5040	0.125
16864513	6	720	180	0.25
174	5	120	60	0.5
286331199	5	120	60	0.5
106672174349946667297291504494282014720	7	5040	1260	0.25
4177065984	5	120	30	0.25
191564865678499776699786494496244395861221887549898752	8	40320	10080	0.25
1	1	1	1	1.0
1	1	1	1	1.0
2459584692173668352	6	720	360	0.5
1459617792	6	720	180	0.25
2	2	2	2	1.0
127	5	120	10	0.08333333333333333
8	5	120	10	0.08333333333333333
1	3	6	1	0.16666666666666666
1	1	1	1	1.0
1	1	1	1	1.0
7	2	2	1	0.5
983039	5	120	30	0.25
115366272597258316260547887632100945792720324937856815974363049662969129467904	8	40320	20160	0.5
9223650080152616959	6	720	360	0.5
128	3	6	1	0.16666666666666666
32768	6	720	15	0.020833333333333332
8454143	5	120	20	0.16666666666666666
54255130672889855	6	720	180	0.25
54255130672889855	6	720	180	0.25
7	2	2	1	0.5
7	2	2	1	0.5
11	2	2	2	1.0
79	3	6	6	1.0
32535	4	24	4	0.16666666666666666
1	2	2	1	0.5
7	2	2	1	0.5
112	3	6	3	0.5
1	2	2	1	0.5
1	2	2	1	0.5
2	2	2	2	1.0
13	2	2	2	1.0
7	2	2	1	0.5
7	2	2	1	0.5
1	2	2	1	0.5
1792	4	24	12	0.5
113	3	6	3	0.5
1	4	24	1	0.041666666666666664
1	7	5040	1	0.0001984126984126984
3937052840	5	120	20	0.16666666666666666
1	5	120	1	0.008333333333333333
1	2	2	1	0.5
8	2	2	1	0.5
113	3	6	3	0.5
236	3	6	3	0.5
168	3	6	3	0.5
4	2	2	2	1.0
84069766290319063501429952059231174656	7	5040	840	0.16666666666666666
4	2	2	2	1.0
2	2	2	2	1.0
224	3	6	3	0.5
32	3	6	3	0.5
2282225664	5	120	20	0.16666666666666666
111749543179121970143905265138585341660744073492701339573518389568615600881664	8	40320	5040	0.125
1298074639	5	120	120	1.0
42535944917699035850729493107960752640	7	5040	5040	1.0
547356672	5	120	10	0.08333333333333333
1073741824	7	5040	35	0.006944444444444444
21847	4	24	4	0.16666666666666666
1114128	5	120	10	0.08333333333333333
8736	4	24	12	0.5
28720	4	24	24	1.0
115792089237246260412777537609339037982592052644139017218773135554177154805840	8	40320	1680	0.041666666666666664
24198235331422444730697076048641693052887016977771326923554687	8	40320	280	0.006944444444444444
264822272367943413916564378013925376	7	5040	5040	1.0
1313589941067850378020798810709557248	7	5040	2520	0.5
18375811503391768371	6	720	120	0.16666666666666666
74470966807696362244302500000	7	5040	1260	0.25
1	2	2	1	0.5
454079695788324036288387401682929863080917166891511627055729985833379233792	8	40320	5040	0.125
17660906639377	6	720	180	0.25
50332418	5	120	60	0.5
14355442909253439	6	720	360	0.5
49711787642374052244669595648	7	5040	1260	0.25
4288728192	5	120	30	0.25
191564865678499776699786494496244395861221887549898752	8	40320	10080	0.25
750597074714794	6	720	360	0.5
67161088	6	720	180	0.25
2	2	2	2	1.0
17106181	5	120	10	0.08333333333333333
262144	5	120	10	0.08333333333333333
7	2	2	1	0.5
983039	5	120	30	0.25
115350370704174985568317088316403603941052943729967092927218676971945718710272	8	40320	20160	0.5
15372286730920910293	6	720	360	0.5
128	3	6	1	0.16666666666666666
18014398509481984	6	720	15	0.020833333333333332
1090453759	5	120	20	0.16666666666666666
3689278449219007283	6	720	180	0.25
864972533840019455	6	720	180	0.25
7	2	2	1	0.5
7	2	2	1	0.5
13	2	2	2	1.0
117	3	6	6	1.0
19935	4	24	4	0.16666666666666666
1	2	2	1	0.5
1	1	1	1	1.0
1	1	1	1	1.0
1	1	1	1	1.0
1	1	1	1	1.0
1	1	1	1	1.0
1	1	1	1	1.0
1	1	1	1	1.0
1	1	1	1	1.0
1	1	1	1	1.0
1	1	1	1	1.0
3	2	2	2	1.0
1	1	1	1	1.0
1	1	1	1	1.0
1	1	1	1	1.0
7	3	6	3	0.5
1	1	1	1	1.0
7	3	6	3	0.5
2	1	1	1	1.0
1	1	1	1	1.0
127	3	6	1	0.16666666666666666
127	3	6	1	0.16666666666666666
2	1	1	1	1.0
1	1	1	1	1.0
128	8	40320	56	0.001388888888888889
1	1	1	1	1.0
1	1	1	1	1.0
1	1	1	1	1.0
1	1	1	1	1.0
8	2	2	1	0.5
2	1	1	1	1.0
2	1	1	1	1.0
1	1	1	1	1.0
2	1	1	1	1.0
8	2	2	1	0.5
2	1	1	1	1.0
2	1	1	1	1.0
8	2	2	1	0.5
10786	4	24	24	1.0
28948022316069035524249681635781527154029528379274107344062340248112143007744	8	40320	168	0.004166666666666667
1	1	1	1	1.0
2	1	1	1	1.0
1	1	1	1	1.0
93	3	6	6	1.0
1	1	1	1	1.0
2	3	6	3	0.5
1	2	2	1	0.5
1	1	1	1	1.0
1	1	1	1	1.0
1	1	1	1	1.0
1	1	1	1	1.0
21	4	24	6	0.25
1	3	6	1	0.16666666666666666
261	4	24	6	0.25
1	1	1	1	1.0
7	4	24	6	0.25
259	4	24	6	0.25
261	4	24	6	0.25
1	3	6	1	0.16666666666666666
1	4	24	1	0.041666666666666664
259	4	24	6	0.25
1	5	120	1	0.008333333333333333
1	3	6	1	0.16666666666666666
273	4	24	6	0.25
7	2	2	1	0.5
2	1	1	1	1.0
1	3	6	1	0.16666666666666666
1	4	24	1	0.041666666666666664
1	1	1	1	1.0
19	3	6	3	0.5
1	3	6	1	0.16666666666666666
2	1	1	1	1.0
8	2	2	1	0.5
1	2	2	1	0.5
143165576	5	120	10	0.08333333333333333
150119686798814451247350485702370394112	7	5040	420	0.08333333333333333
32	4	24	6	0.25
127	3	6	1	0.16666666666666666
9187343239835811839	6	720	6	0.008333333333333333
2	2	2	2	1.0
1	1	1	1	1.0
1	2	2	1	0.5
1	1	1	1	1.0
1	1	1	1	1.0
1	1	1	1	1.0
1	1	1	1	1.0
91879764243261419208573132	7	5040	630	0.125
131082	5	120	30	0.25
315611487122873264169619797	7	5040	210	0.041666666666666664
1	3	6	1	0.16666666666666666
127	5	120	10	0.08333333333333333
481036337392	6	720	60	0.08333333333333333
481036337392	6	720	60	0.08333333333333333
1	3	6	1	0.16666666666666666
1	3	6	1	0.16666666666666666
1	3	6	1	0.16666666666666666
1	3	6	1	0.16666666666666666
1	3	6	1	0.16666666666666666
1	3	6	1	0.16666666666666666
352387329	5	120	30	0.25
7	3	6	3	0.5
1	2	2	1	0.5
119	3	6	3	0.5
365072220245	6	720	20	0.027777777777777776
16	3	6	3	0.5
1	2	2	1	0.5
2	2	2	2	1.0
95	3	6	3	0.5
113	3	6	3	0.5
24063	4	24	12	0.5
3074269696349569024	6	720	60	0.08333333333333333
5	3	6	3	0.5
10	3	6	6	1.0
10922	4	24	4	0.16666666666666666
2	1	1	1	1.0
127	3	6	1	0.16666666666666666
1	1	1	1	1.0
1	3	6	1	0.16666666666666666
1	3	6	1	0.16666666666666666
68719476736	7	5040	21	0.004166666666666667
65536	6	720	6	0.008333333333333333
4	2	2	2	1.0
7	2	2	1	0.5
28023253746430226407495915203076642133	7	5040	140	0.027777777777777776
7	2	2	1	0.5
75642964035023	6	720	180	0.25
2	2	2	2	1.0
5	2	2	2	1.0
1	1	1	1	1.0
1	2	2	1	0.5
8323327	6	720	15	0.020833333333333332
1	4	24	1	0.041666666666666664
1	1	1	1	1.0
15	5	120	10	0.08333333333333333
1	2	2	1	0.5
7	2	2	1	0.5
1	1	1	1	1.0
2	1	1	1	1.0
1	1	1	1	1.0
10	2	2	2	1.0
7340273	5	120	20	0.16666666666666666
1	1	1	1	1.0
1	1	1	1	1.0
1	4	24	1	0.041666666666666664
32767	4	24	1	0.041666666666666664
127	3	6	1	0.16666666666666666
7	2	2	1	0.5
7	2	2	1	0.5
1	1	1	1	1.0
3	3	6	3	0.5
8	3	6	3	0.5
7	3	6	3	0.5
1807	5	120	10	0.08333333333333333
2	1	1	1	1.0
2	1	1	1	1.0
1	1	1	1	1.0
2	1	1	1	1.0
2	2	2	2	1.0
7	2	2	1	0.5
8	2	2	1	0.5
1	2	2	1	0.5
1	1	1	1	1.0
2	2	2	2	1.0
2	1	1	1	1.0
112	3	6	3	0.5
1	1	1	1	1.0
1	1	1	1	1.0
1	1	1	1	1.0
2	2	2	2	1.0
128	4	24	4	0.16666666666666666
1	1	1	1	1.0
1	1	1	1	1.0
1	1	1	1	1.0
1	3	6	1	0.16666666666666666
1	1	1	1	1.0
2	1	1	1	1.0
1	1	1	1	1.0
2	1	1	1	1.0
1	2	2	1	0.5
1	2	2	1	0.5
1	1	1	1	1.0
113	3	6	3	0.5
1	3	6	1	0.16666666666666666
1	1	1	1	1.0
1	1	1	1	1.0
1	2	2	1	0.5
1	2	2	1	0.5
1	1	1	1	1.0
2	1	1	1	1.0
1	1	1	1	1.0
1	2	2	1	0.5
7	3	6	3	0.5
1	1	1	1	1.0
1	1	1	1	1.0
1	1	1	1	1.0
1	1	1	1	1.0
1	1	1	1	1.0
7	2	2	1	0.5
19	3	6	3	0.5
1	1	1	1	1.0
1	1	1	1	1.0
1	2	2	1	0.5
1	1	1	1	1.0
1	2	2	1	0.5
1	1	1	1	1.0
1	2	2	1	0.5
5	3	6	3	0.5
238	3	6	3	0.5
1	1	1	1	1.0
5	2	2	2	1.0
1	1	1	1	1.0
2	2	2	2	1.0
2	1	1	1	1.0
7	2	2	1	0.5
7	2	2	1	0.5
2	1	1	1	1.0
7	2	2	1	0.5
3	2	2	2	1.0
5	2	2	2	1.0
3	2	2	2	1.0
1	1	1	1	1.0
4	2	2	2	1.0
1	1	1	1	1.0
4352	4	24	12	0.5
5	3	6	3	0.5
112	3	6	3	0.5
1	2	2	1	0.5
1	1	1	1	1.0
8	3	6	3	0.5
514	4	24	12	0.5
1	3	6	1	0.16666666666666666
2	3	6	3	0.5
1	1	1	1	1.0
1	2	2	1	0.5
1	1	1	1	1.0
1	1	1	1	1.0
1	1	1	1	1.0
19717	5	120	30	0.25
7	3	6	3	0.5
1	2	2	1	0.5
119	3	6	3	0.5
64424509455	6	720	20	0.027777777777777776
2	3	6	3	0.5
7	2	2	1	0.5
36973787248647074607508488191	7	5040	140	0.027777777777777776
7	2	2	1	0.5
11042360961723	6	720	180	0.25
1	1	1	1	1.0
1	1	1	1	1.0
7	2	2	1	0.5
19	3	6	3	0.5
2	2	2	2	1.0
5	2	2	2	1.0
1	1	1	1	1.0
1	2	2	1	0.5
5348243604176947	6	720	15	0.020833333333333332
1	4	24	1	0.041666666666666664
1	1	1	1	1.0
771	5	120	10	0.08333333333333333
1	2	2	1	0.5
7	2	2	1	0.5
1	1	1	1	1.0
2	1	1	1	1.0
1	1	1	1	1.0
55	3	6	3	0.5
12	2	2	2	1.0
31807733241413887	6	720	30	0.041666666666666664
29175	4	24	4	0.16666666666666666
32639	4	24	4	0.16666666666666666
6872493028672495455	6	720	180	0.25
1	1	1	1	1.0
1	4	24	1	0.041666666666666664
32767	4	24	1	0.041666666666666664
127	3	6	1	0.16666666666666666
7	2	2	1	0.5
7	2	2	1	0.5
7	2	2	1	0.5
14103	4	24	12	0.5
32	3	6	3	0.5
21	3	6	3	0.5
4915	5	120	10	0.08333333333333333
2	1	1	1	1.0
1	1	1	1	1.0
2	1	1	1	1.0
2	2	2	2	1.0
7	2	2	1	0.5
8	2	2	1	0.5
1	2	2	1	0.5
1	1	1	1	1.0
2	2	2	2	1.0
2	1	1	1	1.0
42	3	6	3	0.5
1	1	1	1	1.0
1	1	1	1	1.0
1	2	2	1	0.5
4	2	2	2	1.0
8192	4	24	4	0.16666666666666666
1	1	1	1	1.0
1	1	1	1	1.0
1	1	1	1	1.0
1	3	6	1	0.16666666666666666
1	1	1	1	1.0
2	1	1	1	1.0
1	1	1	1	1.0
2	1	1	1	1.0
1	2	2	1	0.5
1	2	2	1	0.5
1	1	1	1	1.0
113	3	6	3	0.5
1	3	6	1	0.16666666666666666
1	1	1	1	1.0
1	1	1	1	1.0
1	2	2	1	0.5
1	2	2	1	0.5
1	1	1	1	1.0
1	2	2	1	0.5
21	3	6	3	0.5
1	1	1	1	1.0
43	3	6	3	0.5
8	2	2	1	0.5
1	2	2	1	0.5
1	1	1	1	1.0
1	1	1	1	1.0
1	1	1	1	1.0
5	2	2	2	1.0
1	1	1	1	1.0
7	2	2	1	0.5
7	2	2	1	0.5
7	2	2	1	0.5
1	1	1	1	1.0
8	3	6	3	0.5
2	1	1	1	1.0
19	3	6	3	0.5
2	2	2	2	1.0
614750731635296392	6	720	60	0.08333333333333333
17	3	6	3	0.5
48	3	6	6	1.0
8138269444283625712	6	720	6	0.008333333333333333
2	1	1	1	1.0
127	3	6	1	0.16666666666666666
1	1	1	1	1.0
262148	5	120	20	0.16666666666666666
4	4	24	4	0.16666666666666666
512	7	5040	21	0.004166666666666667
16	6	720	6	0.008333333333333333
4	2	2	2	1.0
11	3	6	6	1.0
1	1	1	1	1.0
1	2	2	1	0.5
1383505805528216371	6	720	6	0.008333333333333333
1	2	2	1	0.5
1	2	2	1	0.5
1	2	2	1	0.5
1	1	1	1	1.0
1	3	6	1	0.16666666666666666
77	3	6	3	0.5
2	2	2	2	1.0
7	2	2	1	0.5
1	1	1	1	1.0
1	3	6	1	0.16666666666666666
7	2	2	1	0.5
1	3	6	1	0.16666666666666666
2	1	1	1	1.0
7	2	2	1	0.5
2	1	1	1	1.0
1	1	1	1	1.0
1	1	1	1	1.0
1	1	1	1	1.0
1	1	1	1	1.0
1	1	1	1	1.0
7	2	2	1	0.5
1	1	1	1	1.0
1	1	1	1	1.0
1	1	1	1	1.0
1	1	1	1	1.0
8	2	2	1	0.5
42	3	6	3	0.5
1	1	1	1	1.0
1	2	2	1	0.5
1	1	1	1	1.0
10922	4	24	4	0.16666666666666666
1	1	1	1	1.0
127	3	6	1	0.16666666666666666
2	1	1	1	1.0
2	1	1	1	1.0
4	2	2	2	1.0
76	3	6	3	0.5
7	2	2	1	0.5
7	2	2	1	0.5
1	1	1	1	1.0
2	2	2	2	1.0
1	1	1	1	1.0
1	1	1	1	1.0
7	2	2	1	0.5
1	1	1	1	1.0
7	2	2	1	0.5
1	1	1	1	1.0
11	2	2	2	1.0
1	2	2	1	0.5
32	3	6	3	0.5
1	2	2	1	0.5
1	1	1	1	1.0
1	3	6	1	0.16666666666666666
1	2	2	1	0.5
8388608	5	120	5	0.041666666666666664
128	4	24	4	0.16666666666666666
1	1	1	1	1.0
16576	4	24	6	0.25
2184	4	24	6	0.25
64	3	6	3	0.5
20239	4	24	12	0.5
16	3	6	3	0.5
1	1	1	1	1.0
7	2	2	1	0.5
127	3	6	1	0.16666666666666666
32768	4	24	1	0.041666666666666664
8	2	2	1	0.5
1	1	1	1	1.0
4	2	2	2	1.0
10752	4	24	6	0.25
1	1	1	1	1.0
76	3	6	3	0.5
1	1	1	1	1.0
1547425049178782937745719296	7	5040	630	0.125
259	4	24	6	0.25
2	1	1	1	1.0
261	4	24	6	0.25
273	4	24	6	0.25
2	1	1	1	1.0
1	3	6	1	0.16666666666666666
21	4	24	6	0.25
1	3	6	1	0.16666666666666666
1	3	6	1	0.16666666666666666
325786204258654956202244909826048	7	5040	210	0.041666666666666664
1	3	6	1	0.16666666666666666
1	1	1	1	1.0
1	2	2	1	0.5
8	2	2	1	0.5
23	3	6	1	0.16666666666666666
1	1	1	1	1.0
1	1	1	1	1.0
127	3	6	1	0.16666666666666666
2147483647	5	120	1	0.008333333333333333
2	2	2	2	1.0
42	3	6	3	0.5
1	1	1	1	1.0
1	3	6	1	0.16666666666666666
7	2	2	1	0.5
32	3	6	3	0.5
10752	4	24	6	0.25
512	4	24	6	0.25
2	2	2	2	1.0
4	2	2	2	1.0
1	1	1	1	1.0
1	1	1	1	1.0
2	1	1	1	1.0
1	1	1	1	1.0
2	2	2	2	1.0
2	2	2	2	1.0
4	2	2	2	1.0
2	1	1	1	1.0
2	1	1	1	1.0
43	3	6	3	0.5
128	3	6	1	0.16666666666666666
32768	5	120	5	0.041666666666666664
1	1	1	1	1.0
1087635520	5	120	10	0.08333333333333333
1	1	1	1	1.0
1	1	1	1	1.0
1896878080	5	120	10	0.08333333333333333
77	3	6	3	0.5
8	2	2	1	0.5
8	2	2	1	0.5
1	1	1	1	1.0
7	2	2	1	0.5
8	2	2	1	0.5
8	2	2	1	0.5
7	2	2	1	0.5
1	1	1	1	1.0
22357	4	24	12	0.5
16	3	6	3	0.5
1	1	1	1	1.0
1	1	1	1	1.0
1	3	6	1	0.16666666666666666
2	2	2	2	1.0
1	1	1	1	1.0
1	1	1	1	1.0
1	1	1	1	1.0
1	2	2	1	0.5
1	1	1	1	1.0
1	1	1	1	1.0
7	2	2	1	0.5
87	3	6	3	0.5
7	2	2	1	0.5
7	2	2	1	0.5
87	3	6	3	0.5
1	1	1	1	1.0
1	1	1	1	1.0
1	1	1	1	1.0
1	1	1	1	1.0
1	1	1	1	1.0
1	1	1	1	1.0
7	2	2	1	0.5
1	1	1	1	1.0
1	1	1	1	1.0
1	1	1	1	1.0
1	1	1	1	1.0
1	1	1	1	1.0
1	1	1	1	1.0
1	1	1	1	1.0
127	3	6	1	0.16666666666666666
1	1	1	1	1.0
7	2	2	1	0.5
1	1	1	1	1.0
1	2	2	1	0.5
1	1	1	1	1.0
1	1	1	1	1.0
7	2	2	1	0.5
1	3	6	1	0.16666666666666666
4	3	6	3	0.5
1	1	1	1	1.0
1	1	1	1	1.0
1	1	1	1	1.0
1	1	1	1	1.0
127	3	6	1	0.16666666666666666
7	2	2	1	0.5
1	1	1	1	1.0
1	4	24	1	0.041666666666666664
31	3	6	3	0.5
1	1	1	1	1.0
1	1	1	1	1.0
1	2	2	1	0.5
1	2	2	1	0.5
1	1	1	1	1.0
84	3	6	3	0.5
7	2	2	1	0.5
1	1	1	1	1.0
1	1	1	1	1.0
1	2	2	1	0.5
4	2	2	2	1.0
112	3	6	3	0.5
19456	4	24	6	0.25
8388608	5	120	5	0.041666666666666664
2184	4	24	6	0.25
1	1	1	1	1.0
1	1	1	1	1.0
1	1	1	1	1.0
1	1	1	1	1.0
1	1	1	1	1.0
2184	5	120	30	0.25
13292279970847529141534563489244250112	7	5040	105	0.020833333333333332
938650983355393824481130449268085972937926545200246266726438205470574592	8	40320	1680	0.041666666666666664
1	1	1	1	1.0
224389577331755731663407403168410700394952641581815628902289291962113589247	8	40320	336	0.008333333333333333
1	1	1	1	1.0
1	1	1	1	1.0
86071422161524406629995722985837690880	7	5040	35	0.006944444444444444
1	1	1	1	1.0
1	1	1	1	1.0
1	1	1	1	1.0
90783502887282949451143263767209443328	7	5040	1260	0.25
1	1	1	1	1.0
1	1	1	1	1.0
16384	5	120	10	0.08333333333333333
42535295914635665094503687038783496192	7	5040	420	0.08333333333333333
12207	4	24	12	0.5
1	1	1	1	1.0
2	1	1	1	1.0
2	1	1	1	1.0
1	1	1	1	1.0
1	2	2	1	0.5
1	2	2	1	0.5
4	3	6	3	0.5
1	1	1	1	1.0
69	4	24	12	0.5
1	1	1	1	1.0
4	4	24	4	0.16666666666666666
